{
    "name": "bloodborneProperties", 
    "title": "Bloodborne Properties",
    "description": "Adds bloodborne weapon properties",
    "version": "0.1", 
    "author": "goldenfriend", 
    "systems": ["dnd5e"], 
    "styles": [], 
    "scripts": ["bloodborneProperties.js"], 
    "manifest": "https://raw.githubusercontent.com/goldenfriend/Bloodborne_Module/main/module.json", 
    "download": "https://github.com/goldenfriend/Bloodborne_Module/archive/Bloodborne_Module.zip", 
    "minimumCoreVersion": "10.291", 
    "compatibleCoreVersion": "10.291" 
}