{
    "id": "bloodborneProperties",
    "name": "bloodborneProperties", 
    "title": "Bloodborne Properties",
    "description": "Adds bloodborne weapon properties",
    "version": "0.2", 
    "author": "goldenfriend",
    "authors": [
        {
            "name": "goldenfriend"
        }
    ],
    "relationships": {
        "systems": ["dnd5e"]
    },
    "styles": [], 
    "scripts": ["bloodborneProperties.js"], 
    "manifest": "https://raw.githubusercontent.com/goldenfriend/Bloodborne_Module/main/module.json", 
    "download": "https://github.com/goldenfriend/Bloodborne_Module/releases/download/build/Bloodborne_Module.zip", 
    "compatibility": {
        "minimum": "10",
        "verified": "10"
    },
    "minimumCoreVersion": "10"
}